('1', (332, 137))^('0', (1274, 846))^('3', (428, 27))^('2', (401, 69))^168^628
jagkumar^('jagkumar ~ hubzone certified', 0)
tri state financial services^('tri peaks performance', 1)
finbourne^('finbourne', 0)
osl^('osl', 0)
tp icap^('tp icap', 0)^('tp icap', 0)^('tp icap', 0)
bragit^('bragit', 0)
green byte web pvt ltd^('green byte web', 3)
leadflake^('leadflake', 0)
bank of america merrill lynch^('bank of america', 0)^('bank of america merrill lynch', 0)^('bank of america merrill lynch', 0)^('merrill lynch', 0)^('bank of america merrill lynch', 0)^('bank of america', 0)^('bank of america', 0)^('bank of america', 0)^('bank of america merrill lynch', 0)
susquehanna^('susquehanna international', 0)
freelance^('freelance', 0)^('freelance', 0)
vora gems inc^('vora gems', 2)
storm-7 consulting limited^('storm-7 consulting', 2)^('storm-7 consulting', 2)
jacobi asset management^('jacobi asset management', 0)
webmob software solutions pvt ltd^('webmob software solutions', 3)
aria commodities^('aria commodities', 0)
indus valley partners^('indus valley partners', 0)
jumelle consulting ltd^('jumelle consulting', 2)
stonex^('stonex', 0)
imperial capital^('imperial college business school', 1)
fairxchange inc^('fairxchange', 1)
ignite g2m ltd^('ignite technology', 1)
big xyt^('big xyt', 0)
clarity capital^('clarity ai', 1)
uno corporation^('uno', 1)
albourne^('albourne partners', 1)
bfam partners (hong kong) limited^('bfam partners', 0)
cboe global markets^('cboe global markets', 0)
it orient corporation^('it contractor', 1)
pa consulting^('pa consulting', 0)
airbpo^('airbpo', 0)
fiverr^('fiverr', 0)^('fiverr', 0)^('fiverr', 0)^('fiverr', 0)^('fiverr', 0)^('fiverr', 0)^('fiverr', 0)^('fiverr', 0)^('fiverr', 0)^('fiverr', 0)^('fiverr', 0)^('fiverr', 0)^('fiverr', 0)^('fiverr', 0)^('fiverr', 0)^('fiverr', 0)^('fiverr', 0)
big band ltd^('big band', 2)
abu dhabi investment authority^('abu dhabi investment authority', 0)^('abu dhabi investment authority', 0)^('abu dhabi investment authority', 0)^('abu dhabi investment authority', 0)
nixora group pty ltd^('nixora', 1)
mason capital^('mason stevens', 1)
amrita vishwa vidyapeetham^('amrita vishwa vidyapeetham', 0)
young cyber bd^('young lives vs cancer', 1)
cero generation^('cero generation', 0)
valantic^('valantic fsa', 0)^('valantic fsa', 0)^('valantic', 0)^('valantic fsa', 0)^('valantic fsa', 0)^('valantic', 0)^('valantic fsa', 0)
wells fargo^('wells fargo securities', 0)^('wells fargo securities', 0)^('wells fargo', 0)
al hilal bank^('al hilal bank', 0)
abm^('abm', 0)
flow traders^('flow traders', 0)
immunify.life^('immunify.life', 0)
qube research & technologies^('qube research & technologies', 0)
colt technology services^('colt technology services', 0)
fiverr and upwork freelancers (buyers and sellers)^('fiverr and upwork freelancers', 3)
englander davis^('englander davis', 0)
sumitomo mitsui banking corporation^('sumitomo mitsui banking', 3)^('sumitomo mitsui banking corporation asia pacific', 3)^('sumitomo mitsui banking', 3)
edm council^('edm council', 0)
algoteq^('algoteq', 0)
proper source inc^('proper source', 2)
qpq international^('qpq international', 0)
nordea^('nordea', 0)^('nordea', 0)^('nordea', 0)^('nordea', 0)^('nordea', 0)^('nordea', 0)^('nordea asset management', 0)^('nordea markets, corporates & institutions', 1)
grcs^('grcs', 0)
gazprom marketing & trading^('gazprom marketing & trading', 0)
greyspark partners^('greyspark partners', 0)
oaknorth^('oaknorth', 0)
one2en^('one2en', 0)
royal sun^('royal college of occupational therapists', 1)
one man solutions^('one man solutions', 0)
brookville capital limited^('brookville capital', 2)
park west^('park partners', 1)
glg^('glg', 0)
the cheeky panda^('the cheeky panda', 0)
cargill^('cargill', 0)
blumberg capital^('blumberg capital', 0)
funnel magazine^('funnel magazine', 0)
university of birmingham^('university of birmingham', 0)
ipc^('ipc systems', 1)
nephila capital^('nephila advisors', 1)
global fpo (a unit of vads consulting private limited)^('global fpo', 2)^('global fpo', 2)
talos^('talos', 0)
etf research unit^('etf research unit', 0)
graphic design^('graphic design', 0)
delta capita^('delta capita', 0)
interactive webtech pvt ltd^('interactive webtech', 2)
mccabe & barton^('mccabe & barton', 0)
xodus^('xodus', 0)
fiserv^('fiserv', 0)
kumarinfotech^('kumarinfotech', 0)
onkho^('onkho', 0)
quinlan & associates^('quinlan & associates', 0)
union bank^('union bank of india', 3)
partners wealth management^('partners', 1)
fives digital^('fives digital', 0)
bmo capital markets^('bmo capital markets', 0)
saxo bank^('saxo bank', 0)^('saxo bank', 0)
fdm group^('fdm', 1)
cuelang.org^('cuelang.org', 0)
vert capital^('vert capital', 0)
cerberus capital management^('cerberus capital management', 0)
sygnl^('sygnl', 0)
projective^('projective', 0)^('projective', 0)
kpmg uk^('kpmg', 0)^('kpmg uk', 0)^('kpmg uk', 0)^('kpmg uk', 0)
nanook energy advisors llp^('nanook energy advisors', 3)
ibm^('ibm', 0)
aqm technologies^('aqm technologies', 0)
adoptech^('adoptech', 0)^('adoptech', 0)^('adoptech', 0)
columbia threadneedle investments emea apac^('columbia threadneedle investments emea apac', 0)
trade nation^('trade nation', 0)
bjss^('bjss', 0)
minfo^('minfo', 0)
amc aerospace technologies^('amc aerospace technologies', 0)
legly | contract review made easy^('legly', 1)
macquarie group^('macquarie', 0)^('macquarie', 0)^('macquarie', 0)^('macquarie', 0)
optiver^('optiver', 0)^('optiver', 0)
global x etfs^('global invest & trade', 1)
fluidline valves international private limited^('fluidline valves international', 3)
the attention exchange^('the attention exchange', 0)
virtu^('virtu financial', 0)
tower research capital^('tower research capital', 0)
institutional secured^('institutional investor', 1)
anchorage capital^('anchorage digital', 0)
ktb - krung thai bank^('ktb', 1)
six^('six', 0)^('six', 0)
redburn^('redburn', 0)^('redburn', 0)
csc^('csc', 0)
talhunt^('talhunt', 0)
university of toronto^('university of the witwatersrand', 2)
east west bank^('east alpha', 1)
ig^('ig', 0)^('ig', 0)
bgc capital^('bgc partners', 0)^('bgc partners', 0)
prorise rpo^('prorise rpo', 0)
bajaj finserv^('bajaj finserv', 0)
soc gen^('societe generale securities services', 0)^('soci\xc3\xa9t\xc3\xa9 g\xc3\xa9n\xc3\xa9rale', 0)^('soci\xc3\xa9t\xc3\xa9 g\xc3\xa9n\xc3\xa9rale', 0)^('soci\xc3\xa9t\xc3\xa9 g\xc3\xa9n\xc3\xa9rale', 0)^('societe generale corporate and investment banking', 0)^('soci\xc3\xa9t\xc3\xa9 g\xc3\xa9n\xc3\xa9rale', 0)^('soci\xc3\xa9t\xc3\xa9 g\xc3\xa9n\xc3\xa9rale', 0)^('soci\xc3\xa9t\xc3\xa9 g\xc3\xa9n\xc3\xa9rale', 0)^('soci\xc3\xa9t\xc3\xa9 g\xc3\xa9n\xc3\xa9rale', 0)^('societe generale global solution centre', 0)
business warrior^('business magazine usa', 1)
the mersea road clinic^('the mersea road clinic', 0)
london metal exchange^('london metal exchange', 0)^('london metal exchange', 0)^('london metal exchange', 0)
hec paris^('hec paris', 0)
danske bank^('danske bank', 0)^('danske bank', 0)^('danske bank', 0)
brain in spa^('brain in spa', 0)
handelsbanken^('handelsbanken capital markets', 0)
schroders^('schroders', 0)^('schroders', 0)^('schroders', 0)^('schroders', 0)^('schroders', 0)
walmart global tech^('walmart global tech', 0)
data maelumat^('data maelumat', 0)^('data pilot', 1)
ai tech advisors^('ai persona with reena strehle', 1)
ssi securities corporation^('ssi securities', 2)
second foundation^('second foundation', 0)
gfi group^('gfi', 0)
hutton consulting^('hutton consulting', 0)^('hutton consulting', 0)^('hutton consulting', 0)
the maple group^('the maple', 2)
pippa & company^('pippa & company', 0)
ortex^('ortex', 0)
cyberx infosystem pvt ltd^('cyberx infosystem', 2)
besuccess^('besuccess', 0)
coforge^('coforge', 0)
barclays^('barclays uk', 0)^('barclays investment bank', 0)^('barclays investment bank', 0)^('barclays', 0)^('barclays investment bank', 0)^('barclays', 0)^('barclays corporate & investment bank', 0)^('barclays investment bank', 0)^('barclays investment bank', 0)^('barclays', 0)^('barclays investment bank', 0)
balanz capital^('balanz', 1)
devexperts^('devexperts', 0)
broadridge^('broadridge', 0)^('broadridge', 0)
movements marketing^('movements marketing', 0)
redcruise^('redcruise', 0)
verifone^('verifone', 0)
evercast^('evercast', 0)
harrington starr^('harrington starr', 0)
urban tropics^('urban tropics', 0)
old mutual^('old mutual', 0)
the world^('the team freelance', 1)^('the access bank uk', 1)^('the singapore journal', 1)^('the emirates times', 1)^('the realization', 1)^('the daring way', 1)^('the firm', 1)^('the emirates times', 1)
emerald bay^('emerald technology ventures', 1)
jmi group^('jmi', 1)
world business angels investment forum^('world business angels investment forum', 0)
hunter bond^('hunter bond', 0)
thoughtworks^('thoughtworks', 0)
morgan stanley^('morgan stanley', 0)^('morgan stanley', 0)^('morgan stanley', 0)^('morgan stanley', 0)
elwood technologies^('elwood technologies', 0)
lab49^('lab49', 0)
databp^('databp', 0)
bbva^('bbva', 0)^('bbva', 0)
undisclosed^('undisclosed', 0)
maven securities^('maven securities', 0)^('maven securities', 0)
ion trading^('ion trading', 0)^('ion trading', 0)
pension insurance^('pension insurance', 0)
sionic^('sionic', 0)
standard bank group^('standard bank', 0)
optimar consulting^('optimar consulting', 0)
orbis systems,^('orbis protect', 1)
osborn williams^('osborn leisure', 1)
north rock capital management^('north rock capital management', 0)
s squared^('s m', 1)
tata consultancy services^('tata consultancy services', 0)^('tata consultancy services', 0)^('tata consultancy services', 0)^('tata consultancy services', 0)
spencer stuart^('spencer stuart', 0)
quokka capital^('quokka capital', 0)
mufg^('mufg', 0)^('mufg', 0)^('mufg', 0)
euroclear^('euroclear', 0)
moscow exchange^('moscow exchange', 0)
options technology^('options', 1)
efficient fitness^('efficient fitness', 0)
kbc group nv^('kbc bank & verzekering', 0)
comtat cycling^('comtat cycling', 0)
adobe^('adobe', 0)
s&p^('s&p global', 0)
mckinsey & company^('mckinsey & company', 0)^('mckinsey & company', 0)
meta^('meta', 0)^('meta', 0)^('meta', 0)^('meta', 0)^('meta', 0)
ey^('ey', 0)^('ey', 0)
cannes lions international festival of creativity^('cannes lions international festival of creativity', 0)
peopleperhour^('peopleperhour', 0)
visense 3d rendering studio^('visense 3d rendering studio', 0)
jpmorgan chase & co.^('j.p. morgan', 0)^('j.p. morgan', 0)^('j.p. morgan', 0)^('jpmorgan chase & co.', 0)^('j.p. morgan', 0)^('j.p. morgan', 0)^('jpmorgan chase & co.', 0)^('jpmorgan chase & co.', 0)^('j.p. morgan', 0)^('jpmorgan chase & co.', 0)^('jpmorgan chase & co.', 0)^('j.p. morgan', 0)^('jpmorgan chase & co.', 0)
neosoft technologies (a cmmi level 5 organization)^('neosoft technologies', 2)
spenz media^('spenz media', 0)
triazine software pvt. ltd.^('triazine software', 2)^('triazine software', 2)
alphagrep hong kong^('alphagrep securities', 0)
silkroad^('silkroad', 0)
mizuho^('mizuho international', 0)
vinter^('vinter', 0)
thinkwik^('thinkwik', 0)
market wizards^('market dynamics', 1)
commerzbank ag^('commerzbank', 0)^('commerzbank', 0)^('commerzbank', 0)^('commerzbank', 0)
bankbazaar^('bankbazaar', 0)
asx^('australian prudential regulation authority', 1)
tiksom^('tiksom', 0)
kpl tech solution pvt. ltd.^('kpl tech solution', 3)
high frequency trading^('high frequency trading', 0)
growthline capital^('growthlink', 0)
self employed^('self employed', 0)^('self employed', 0)^('self employed', 0)
ecom trading^('ecom agroindustrial', 1)
ruffer llp^('ruffer', 0)
youview tv limited^('youview tv', 2)
efinancialcareers^('efinancialcareers', 0)
solidus labs^('solidus labs', 0)
unknown^('unknown way solution', 1)
ipushpull^('ipushpull', 0)
tech mahindra^('tech mahindra', 0)
snb capital^('snb capital', 0)^('snb capital', 0)
infonoesisltd^('infonoesisltd', 0)
willis towers watson^('willis towers watson', 0)
webull securities^('webull', 1)
blockchain-ads^('blockchain-ads', 0)
liquidnet^('liquidnet', 0)
alexander chapman^('alexander chapman', 0)
erste group^('erste', 1)
sutherland^('sutherland', 0)
txg limited^('txg', 1)
druces llp^('druces', 1)
citi^('citi', 0)^('citi', 0)^('citi', 0)^('citi', 0)^('citi', 0)^('citi', 0)^('citi', 0)^('citi', 0)^('citi', 0)^('citi', 0)^('citi', 0)^('citi', 0)^('citi', 0)^('citi', 0)^('citi', 0)^('citi', 0)^('citi', 0)^('citi', 0)^('citi', 0)^('citi', 0)
tokenomy^('tokenomy', 0)
santander^('santander uk', 0)^('santander', 0)^('banco', 1)
goldenberg hehmeyer trading co ltd^('ghco', 0)
brawlbig technologies^('brawlbig technologies', 0)
radley james^('radley james', 0)^('radley james', 0)
tyro payments^('tyro payments', 0)
knightdigitals^('knightdigitals', 0)
lead it firm^('lead forensics', 1)
dell technologies^('dell technologies', 0)
hanover investors^('hanover', 1)
northern trust corporation^('northern trust', 0)
private wealth management^('private wealth management', 0)
magistral consulting^('magistral consulting', 0)^('magistral consulting', 0)
statistics new zealand^('statistics new zealand', 0)
colexion^('colexion', 0)
delimp technology^('delimp technology', 0)
rouleur^('rouleur', 0)
pacific asset^('pacific asset management', 0)
sberbank cib^('sberbank cib', 0)
schneider electric^('schneider electric', 0)
chicago trading company^('chicago trading company', 0)
lenovo^('lenovo pccw solutions', 1)
best wp developer^('best wp developer', 0)^('best seo service india', 1)
sc^('sc ventures by standard chartered', 2)
vision57^('vision57', 0)
vallum associates limited^('vallum associates', 2)
lakestar^('lakestar', 0)
suite2go^('suite2go', 0)
london stock exchange^('london stock exchange', 0)
iress^('iress', 0)^('iress', 0)^('iress', 0)
rbc capital markets^('rbc', 0)^('rbc capital markets', 0)^('rbc capital markets', 0)
emirates nbd^('emirates nbd', 0)
booz allen hamilton^('booz allen hamilton', 0)
cognizant^('cognizant', 0)
infosys^('infosys', 0)
sap^('sap', 0)^('sap', 0)^('sap information technology', 1)
natwest markets^('natwest', 0)^('natwest', 0)^('natwest markets', 0)^('natwest', 0)^('natwest markets', 0)^('natwest', 0)^('natwest markets', 0)^('natwest', 0)^('natwest', 0)^('natwest markets', 0)^('natwest markets', 0)^('natwest markets', 0)^('natwest markets', 0)^('natwest markets', 0)^('natwest markets', 0)^('natwest markets', 0)^('natwest', 0)^('natwest markets', 0)
anz^('anz', 0)^('anz', 0)
monetago^('monetago', 0)
cmc markets^('cmc invest', 0)
annex world wide ltd^('annex world wide', 3)
university of portsmouth^('university of portsmouth', 0)
saggezza^('saggezza', 0)
new link consulting^('new link consulting', 0)^('new link consulting', 0)
social tree global^('social tree global', 0)^('social tree global', 0)
eastern peak^('eastern peak', 0)
binariks inc.^('binariks', 1)
mobilecoderz technologies private limited^('mobilecoderz technologies', 2)
standard chartered bank^('standard chartered bank', 0)^('standard chartered bank', 0)^('standard chartered bank', 0)^('standard chartered bank', 0)^('standard chartered bank', 0)^('standard chartered bank', 0)^('standard chartered bank', 0)^('standard chartered bank', 0)^('standard chartered bank', 0)^('standard chartered bank', 0)^('standard chartered bank', 0)^('standard chartered bank', 0)^('standard chartered bank', 0)^('standard chartered bank', 0)^('standard chartered bank', 0)^('standard chartered bank', 0)^('standard chartered bank', 0)^('standard chartered bank', 0)^('standard chartered bank', 0)^('standard chartered bank', 0)^('standard chartered bank', 0)^('standard chartered bank', 0)^('standard chartered bank', 0)^('standard chartered bank', 0)^('standard chartered bank', 0)^('standard chartered bank', 0)^('standard chartered bank', 0)^('standard chartered bank', 0)^('standard chartered bank', 0)^('standard chartered bank', 0)^('standard chartered bank', 0)^('standard chartered bank', 0)^('standard chartered bank', 0)^('standard chartered bank', 0)^('standard chartered bank', 0)^('standard chartered bank', 0)^('standard chartered bank', 0)^('standard chartered bank', 0)^('standard chartered bank', 0)^('standard chartered bank', 0)^('standard chartered india', 2)
arcesium^('arcesium', 0)
world wide technology^('world wide technology', 0)^('world finance council', 1)
gonext solutions pvt. ltd.^('gonext solutions', 2)
investment bank^('investment bank', 0)^('investment bank', 0)
dmarkecy^('dmarkecy', 0)
perpetua^('perpetua investment', 2)
montarosa^('montarosa', 0)
finsmart - digital solutions for primary markets^('finsmart', 1)
brandex financial^('brandex financial', 0)
airship^('airship', 0)
systematic selection ltd^('systematic selection', 2)
coremont^('coremont', 0)
va remote business solutions^('va remote business solutions', 0)
ap outsourcing group^('ap outsourcing', 2)^('ap pension', 1)
leading point^('leading point financial markets', 2)
goldman sachs^('goldman sachs', 0)^('goldman sachs', 0)^('goldman sachs', 0)^('goldman sachs', 0)^('goldman sachs', 0)^('goldman sachs', 0)^('goldman sachs', 0)^('goldman sachs', 0)^('goldman sachs', 0)^('goldman sachs', 0)^('goldman sachs', 0)^('goldman sachs', 0)^('goldman sachs', 0)^('goldman sachs', 0)^('goldman sachs', 0)^('goldman sachs', 0)^('goldman sachs', 0)^('goldman sachs', 0)^('goldman sachs', 0)^('goldman sachs', 0)^('goldman sachs', 0)^('goldman sachs', 0)^('goldman sachs', 0)^('goldman sachs', 0)^('goldman sachs', 0)^('goldman sachs', 0)^('goldman lloyds', 1)
adao, advanced diagnostics analytics and optimization^('adao, advanced diagnostics analytics and optimization', 0)
excelsior partners^('excelsior search', 2)
schonfeld^('schonfeld', 0)
focus management consultants pvt ltd^('focus humanitarian assistance', 1)
deutsche bank^('deutsche bank', 0)^('deutsche bank', 0)^('deutsche bank', 0)^('deutsche bank', 0)^('deutsche bank', 0)^('deutsche bank', 0)^('deutsche bank', 0)^('deutsche bank', 0)^('deutsche bank', 0)^('deutsche bank', 0)^('deutsche bank', 0)^('deutsche bank', 0)^('deutsche bank', 0)^('deutsche bank', 0)^('deutsche bank', 0)^('deutsche bank', 0)
facilitybot^('facilitybot', 0)
jump trading llc^('jump trading', 0)
microsoft^('microsoft', 0)^('microsoft', 0)
various companies^('various companies', 0)^('various companies', 0)
carnegie investment bank^('carnegie investment bank', 0)
deloitte consulting^('deloitte', 0)^('deloitte', 0)^('deloitte', 0)^('deloitte', 0)
webb traders^('webb traders', 0)
nasdaq^('nasdaq', 0)^('nasdaq', 0)^('nasdaq', 0)
akamai technologies^('akamai technologies', 0)
engie global energy management & sales^('engie global energy management & sales', 0)
banque wormser^('banque misr', 1)
abacus executive search limited^('abacus executive search', 3)
rasa^('rasa', 0)
t. rowe price uk^('t. rowe price', 0)^('t. rowe price uk', 0)^('t. rowe price', 0)
bloomberg lp^('bloomberg lp', 0)^('bloomberg lp', 0)^('bloomberg lp', 0)^('bloomberg lp', 0)^('bloomberg lp', 0)
b2b salesify^('b2b salesify', 0)
adnoc group^('adnoc', 1)
paysafe group^('paysafe', 1)
ntree international^('ntree international', 0)
digitalrfq^('digitalrfq', 0)
upwork^('upwork', 0)^('upwork', 0)^('upwork', 0)^('upwork', 0)^('upwork', 0)
millennium management^('millennium', 0)^('millennium', 0)
imperva^('imperva', 0)
onpoint prospecting inc^('onpoint prospecting', 2)
al sharhan^('al salam bank', 1)
amazon^('amazon web services', 0)^('amazon web services', 0)^('amazon web services', 0)^('amazon', 0)^('amazon', 0)^('amazon web services', 0)^('amazon', 0)^('amazon', 0)
travel counsellors^('travel counsellors', 0)^('travel industry', 1)
twilio^('twilio', 0)
questdb^('questdb', 0)^('questdb', 0)
osttra^('osttra', 0)
mcgregor boyall associates^('mcgregor boyall associates', 0)
yeda - technology transfer company of weizmann institute of science^('yeda', 1)
technology solutions usa l.l.c^('technology wordsmith', 1)
tetraketra^('tetraketra', 0)
japr tech^('japr tech', 0)
rothesay^('rothesay', 0)
numis securities ltd^('numis', 1)
grab^('grab', 0)
td ameritrade^('td securities', 0)
eglogics softech pvt. ltd.^('eglogics softech', 2)
nilank technology ltd^('nilank technology', 2)^('nilank technologies', 2)
ms financial & technology consulting, llc^('ms virtuals', 1)
govtech singapore^('govtech singapore', 0)
eagle strategies, llc^('eagle alpha', 1)
startup^('startup', 0)
hcl technologies^('hcl technologies', 0)^('hcl technologies', 0)
seb^('seb', 0)^('seb', 0)^('seb', 0)
arbolus technologies^('arbolus', 1)
zenithar^('zenithar', 0)
campeya india pvt. ltd.^('campeya india', 2)
4p capital^('4p capital', 0)
untapped^('untapped ai', 1)
mendix^('mendix', 0)
treasury consulting pte ltd^('treasury consulting', 2)
grant thornton^('grant thornton uk', 2)
profit by piping logistics^('profit by piping logistics', 0)
digital ific pvt ltd^('digital ific', 2)
richard knight bloodstock agent ltd^('richard knight bloodstock agent', 3)
blockchain asia pacific^('blockchain asia pacific', 0)
melco resorts & entertainment^('melco resorts & entertainment', 0)
dataguise now part of pkware^('dataguise', 1)
equifax^('equifax', 0)
john lewis^('john lewis', 0)
lloyds banking group^('lloyds banking', 2)^('lloyds banking', 2)^('lloyds banking', 2)^('lloyds banking', 2)^('lloyds banking', 2)^('lloyds banking', 2)^('lloyds banking', 2)^('lloyds banking', 2)^('lloyds banking', 2)^('lloyds banking', 2)
britannia global markets limited^('britannia global markets', 3)
datamatics business solutions ltd.^('datamatics business solutions', 3)
faulcon delacy ltd^('faulcon delacy', 2)
birkle it | we are hiring^('birkle it', 2)
tailor-m^('tailor-m', 0)
durran^('durran', 0)
misha infotech pvt ltd^('misha infotech', 2)
insight investment^('insight investment', 0)
kinguin^('kinguin', 0)
interactive mission^('interactive mission', 0)
torstone technology^('torstone technology', 0)^('torstone technology', 0)
street's press house^("street's press house", 0)
nd consulting^('nd consulting', 0)
seobal business solutions^('seobal business solutions', 0)
university of exeter^('university of exeter', 0)
fintech securities^('fintech leaders club', 1)
marsh & mclennan companies^('marsh & parsons', 2)
knowledge leaders^('knowledge train', 1)
systematica investments^('systematica investments', 0)
reliance insurance limited^('reliance retail', 1)
codemap.io^('codemap.io', 0)
manchester global^('manchester united', 1)
evolve investment holding^('evolve investment holding', 0)^('evolve enterprise solutions', 1)
dorilton^('dorilton', 0)
gxs^('gxs', 0)
intellect data^('intellect design arena', 1)
ucl^('ucl', 0)
archax^('archax', 0)
ilbk group^('ilbk', 1)
nomura^('nomura', 0)^('nomura', 0)^('nomura', 0)^('nomura', 0)^('nomura', 0)^('nomura', 0)^('nomura', 0)
multicloud4u^('multicloud4u', 0)
swift^('swift', 0)
hsbc global banking and markets^('hsbc', 0)^('hsbc', 0)^('hsbc', 0)^('hsbc', 0)^('hsbc', 0)^('hsbc', 0)^('hsbc', 0)^('hsbc', 0)^('hsbc', 0)^('hsbc global banking and markets', 0)^('hsbc', 0)^('hsbc', 0)^('hsbc', 0)^('hsbc', 0)^('hsbc', 0)^('hsbc', 0)^('hsbc', 0)^('hsbc', 0)^('hsbc', 0)^('hsbc', 0)
js capital^('js global capital', 3)
teceze^('teceze', 0)
erevena^('erevena', 0)
aiviq^('aiviq', 0)
members only^('members only', 0)
bmll^('bmll', 0)^('bmll', 0)^('bmll', 0)
first wave^('first wave', 0)
windfall token technologies^('windfall token', 2)
my remote people^('my remote people', 0)
roi mantra inc.^('roi mantra', 2)
awakn^('awakn', 0)
itjet^('itjet', 0)
webmaster-it^('webmaster-it', 0)
citadel llc^('citadel', 0)^('citadel', 0)^('citadel', 0)
rathbones^('rathbones', 0)
reference point^('reference point', 0)
epam systems^('epam', 1)^('epam', 1)
complete coherence ltd^('complete coherence', 2)
giving me^('giving me', 0)
william blair^('william blair', 0)
financial times^('financial times', 0)
suncorp group^('suncorp', 1)^('suncorp', 1)
3b digital^('3b digital', 0)^('3b digital', 0)
adafine^('adafine', 0)
publicis sapient^('publicis sapient', 0)^('publicis sapient', 0)
cyclefit uk^('cyclefit uk', 0)
foxberry ltd^('foxberry', 1)
infollion research services^('infollion research services', 0)
masabi^('masabi', 0)
growth genie^('growth solution', 1)
adaptive financial consulting ltd^('adaptive financial consulting', 3)
mityung^('mityung', 0)
independent^('independent consultant', 0)^('independent consultancy', 1)^('independent professional', 1)
virtasant^('virtasant', 0)
dolphin interconnect solutions^('dolphin interconnect solutions', 0)
fd technologies^('fd technologies', 0)
commonwealth bank australia^('commonwealth bank', 0)
phd^('phd', 0)
clsa^('clsa', 0)
fnz group^('fnz', 0)
companies research in financial markets^('companies research in financial markets', 0)
fixnetix ltd^('fix trading community', 0)^('fix trading community', 0)
stasher^('stasher', 0)
tradition^('tradition securities and futures', 0)^('tradition', 0)
manulife hong kong^('manulife', 0)
fastmarkets^('fastmarkets', 0)
proventis partners gmbh^('proventis partners', 2)
westpac^('westpac', 0)^('westpac', 0)
pggm^('pggm', 0)
velox financial technology, llc^('velox', 0)
boston consulting group (bcg)^('boston consulting', 2)
innovation experience israel^('innovation experience israel', 0)
fidelity investments^('fidelity investments', 0)^('fidelity international', 0)^('fidelity international', 0)^('fidelity international', 0)^('fidelity international', 0)^('fidelity international strategic ventures', 2)^('fidelity international strategic ventures', 2)^('fidelity international strategic ventures', 2)
tower trading^('tower bridge international services', 1)
scotiabank global banking and markets^('scotiabank', 0)
michael waitze media^('michael waitze media', 0)^('michael page', 1)
ferovinum^('ferovinum', 0)
stake^('stake', 0)
jay.devs^('jay.devs', 0)
crypto.com^('crypto.com', 0)
brickendon consulting^('brickendon consulting', 0)
xorlabs.com^('xorlabs.com', 0)
nordic financial components^('nordic capital', 1)^('nordic growth market', 1)
rapid addition limited^('rapid addition', 0)^('rapid addition', 0)^('rapid addition', 0)^('rapid addition', 0)^('rapid addition', 0)^('rapid addition', 0)
axis capital^('axis talent', 1)
aristek systems^('aristek systems', 0)
mbsa international^('mbsa international', 0)
tag 61^('tag 61', 0)
etfs capital^('etfs capital', 0)^('etfs capital', 0)
muqassa (securities clearing center company)^('muqassa', 1)
word perfect^('word perfect', 0)
sky^('sky', 0)
apex leads inc^('apex research', 1)
forbes^('forbes', 0)
hudson river trading^('hudson river trading', 0)
datapillar^('datapillar', 0)
rabobank^('rabobank', 0)^('rabobank', 0)^('rabobank', 0)
west 1^('west 1', 0)
jefferies^('jefferies', 0)
databricks^('databricks', 0)
nextwave-infinium^('nextwave-infinium', 0)
xpertlab technologies private limited^('xpertlab technologies', 2)
clover light^('clover health', 1)
apex capital^('apex', 0)^('apex', 0)
credit management group - esg solutions^('credit management', 2)
lseg^('lseg', 0)^('lseg \xe2\x80\x93', 1)^('lseg \xe2\x80\x93', 1)^('lseg \xe2\x80\x93', 1)^('lseg \xe2\x80\x93', 1)^('lseg \xe2\x80\x93', 1)
taskize^('taskize', 0)
marketing test^('marketing agency', 1)
digital realty^('digital marketing solution', 1)^('digital hub solution', 1)^('digital isle of man', 1)
athens exchange^('athens exchange', 0)
cognacity^('cognacity', 0)
cogo^('cogo', 0)
ultumus^('ultumus', 0)^('ultumus', 0)^('ultumus', 0)^('ultumus', 0)^('ultumus', 0)
interactive brokers group^('interactive brokers', 0)
q5 infotech^('q5 infotech, india', 0)^('q5 infotech, india', 0)
openfin^('openfin', 0)^('openfin', 0)
ola^('ola', 0)
google^('google', 0)^('google', 0)^('google', 0)
fidessa^('fidessa', 0)
first derivatives^('first derivative', 0)
bunch consulting^('bunch consulting', 0)
createtheweb^('createtheweb', 0)
insightful technologies^('insightful technologies', 0)
outsystems^('outsystems', 0)
new gen guru pvt ltd^('new gen guru', 3)
fiskl limited^('fiskl', 1)
wix.com^('wix.com', 0)
webcoder-it^('webcoder-it', 0)^('webcoder-it', 0)^('webcoder-it', 0)^('webcoder-it', 0)^('webcoder-it', 0)^('webcoder-it', 0)^('webcoder-it', 0)^('webcoder-it', 0)
cjc ltd^('cjc', 1)
ak yatirim^('ak yatirim menkul de\xc4\x9eerler', 3)
ease tax solutions (ets)^('ease tax solutions', 3)
mott macdonald^('mott macdonald', 0)
obtain consulting^('obtain consulting', 0)
savills^('savills', 0)
luxoft^('luxoft', 0)
out sourcing institute^('out sourcing institute', 0)
campbell o'connor & co^('campbell north', 1)
notepad++^('notepad++', 0)
techsoftor^('techsoftor', 0)
british friendly society ltd^('british friendly society', 3)
grainstone lee^('grainstone lee', 0)
alveo technology^('alveo technology', 0)
bridgewater associates^('bridgewater associates', 0)
bt^('bt', 0)
nevadia technology ltd.^('nevadia technology', 2)
credit agricole^('cr\xc3\xa9dit agricole cib', 0)^('cr\xc3\xa9dit agricole cib', 0)^('cr\xc3\xa9dit agricole cib', 0)^('cr\xc3\xa9dit agricole cib', 0)^('cr\xc3\xa9dit agricole cib', 0)^('cr\xc3\xa9dit agricole cib', 0)^('cr\xc3\xa9dit agricole cib', 0)^('cr\xc3\xa9dit agricole cib', 0)^('cr\xc3\xa9dit agricole cib', 0)^('cr\xc3\xa9dit agricole cib', 0)^('cr\xc3\xa9dit agricole cib', 0)^('credit agricole consumer finance', 2)
highsight analytics^('highsight analytics', 0)
symphony.com^('symphony', 0)
crux informatics^('crux', 1)
techpassport^('techpassport', 0)
goldenberg hehmeyer^('goldenberg hehmeyer trading co', 3)
motive partners^('motive partners', 0)
euronext^('euronext securities', 1)
grupo vitra^("grupo delly's", 1)
ts imagine^('ts imagine', 0)
revolut^('revolut', 0)^('revolut', 0)
peaccce^('peaccce', 0)
cumberland associates^('cumberland building society', 0)
octopus ventures^('octopus ventures', 0)
bny mellon^('bny mellon', 0)^('bny mellon', 0)^('bny mellon', 0)^('bny mellon international operations private', 2)
stealth startup^('stealth startup', 0)^('stealth startup', 0)^('stealth startup', 0)^('stealth startup', 0)
vacuumlabs^('vacuumlabs', 0)
hire fullstacks^('hire fullstacks', 0)
allied market research^('allied market research', 0)
pag consulting^('pag', 1)
kin + carta europe^('kin + carta', 3)
timeline labs^('timeline labs', 0)
markets media^('markets media', 0)
cyoda^('cyoda', 0)
iownit capital and markets, inc^('iownit capital and markets', 3)
credit suisse^('credit suisse', 0)^('credit suisse', 0)^('credit suisse', 0)^('credit suisse', 0)^('credit suisse', 0)
web monsters^('web monsters', 0)
smartco consulting^('smartco consulting', 0)
msci inc.^('msci', 0)
novo^('novo', 0)^('novo holdings', 1)
first abu dhabi bank (fab)^('first abu dhabi bank', 3)
flexearn^('flexearn', 0)
virtual subsidiary^('virtual binz', 1)
helping brother private limited^('helping brother', 2)
teksystems^('teksystems', 0)
janus investment^('janus henderson investors', 0)
public health england^('public health england', 0)
glia^('glia ecosystems', 0)
hedosophia^('hedosophia', 0)
qwil messenger^('qwil messenger', 0)
startele logic^('startele logic', 0)^('startele logic', 0)^('startele logic', 0)
abn amro bank n.v.^('abn amro bank n.v.', 0)^('abn amro bank n.v.', 0)^('abn amro bank n.v.', 0)^('abn amro clearing bank', 3)
pwc^('pwc', 0)^('pwc', 0)^('pwc', 0)^('pwc uk', 1)
zodia markets^('zodia markets', 0)
deployed^('deployed', 0)
bdn groups india^('bdn groups', 2)
limina^('limina ims', 1)
foundation venture capital group, llc^('foundation for armenian science and technology', 1)
stifel financial corp.^('stifel financial', 2)
direct line group^('direct line', 2)
second swedish^('second degree', 1)
khonology / africa hops / biggest little beer shop^('khonology', 1)
argo systems, llc^('argo', 1)
nextsales^('nextsales', 0)^('nextsales', 0)
beacon platform^('beacon platform', 0)^('beacon platform', 0)
instinet incorporated^('instinet incorporated', 0)
valcon^('valcon', 0)
lmr partners^('lmr partners', 0)
zebaq^('zebaq', 0)
sixsentix ag^('sixsentix', 1)
copper.co^('copper.co', 0)
accenture^('accenture', 0)^('accenture', 0)^('accenture', 0)
digital monetary fund^('digital monetary fund', 0)
pigeon promotions^('pigeon promotions', 0)
bell tower^('bell copywriting', 1)
ing^('ing', 0)^('ing', 0)^('ing', 0)^('ing australia', 1)
ibc group - international blockchain consulting^('ibc', 1)
nab^('nab', 0)
royal bank of scotland^('royal bank of scotland', 0)^('royal bank of scotland', 0)^('royal bank of scotland', 0)^('royal bank of scotland', 0)^('rbs', 0)^('rbs', 0)^('rbs', 0)^('rbs', 0)^('rbs', 0)
winterflood securities^('winterflood securities', 0)
triton partners^('triton asset management aedak', 1)
national college of ireland^('national college of ireland', 0)
bnp paribas^('bnp paribas', 0)^('bnp paribas cib', 0)^('bnp paribas', 0)^('bnp paribas', 0)^('bnp paribas', 0)^('bnp paribas wealth management', 3)
altair^('altair', 0)
capitec^('capitec bank', 1)^('capitec bank', 1)
cimb securities ltd.^('cimb securities', 0)
capco^('capco', 0)
temenos^('temenos', 0)^('temenos', 0)
star^('star', 0)
qogent infotech pvt. ltd.^('qogent infotech', 2)
ubs^('ubs', 0)^('ubs', 0)^('ubs', 0)^('ubs', 0)^('ubs', 0)^('ubs', 0)
lesstests^('lesstests', 0)
tachyon capital^('tachyon aerospace', 0)
all weather^('all africa capital', 1)
investec^('investec', 0)
coleman street^('coleman capital', 1)
aldermore bank^('aldermore bank', 0)
blockchain incubator lab^('blockchain ireland', 1)
victory capital^('victory international futures', 1)
del illumination co., ltd.^('del illumination co.', 2)
bdo private bank^('bdo rise', 1)
agi^('agi jesse', 1)
itrs group^('itrs', 1)
evomax it^('evomax it', 0)
british school of osteopathy^('british business bank', 1)
blockchain creative labs^('blockchain creative labs', 0)
various small business^('various', 1)
fis^('fis', 0)^('fis', 0)
in4it^('in4it', 0)
^https://www.linkedin.com/in/gordon-pfende_0^https://www.linkedin.com/in/davefurlong_0^https://www.linkedin.com/in/han-lee-3050026_0^https://www.linkedin.com/in/kaushlendra-mishra-3b9009168_0^https://www.linkedin.com/in/mehmetserdar_0^https://www.linkedin.com/in/samuelajasa_0^https://www.linkedin.com/in/johan-skogh-10b98a3_0^https://www.linkedin.com/in/gregdowling1_0^https://www.linkedin.com/in/nowie-macaraeg-4877761a9_0^https://www.linkedin.com/in/merve-fresko-9b2a593a_0^https://www.linkedin.com/in/andrea-griffith-4610255_0^https://www.linkedin.com/in/adambarton_0^https://www.linkedin.com/in/markusboehme_0^https://www.linkedin.com/in/mohammedalamin-050228211_0^https://www.linkedin.com/in/cejensen_0^https://www.linkedin.com/in/steve-palmer-712b8118_0^https://www.linkedin.com/in/keith-brooks-64435b6a_0^https://www.linkedin.com/in/j7tal_0^https://www.linkedin.com/in/pijushroy_0^https://www.linkedin.com/in/george-karseras-3859b5_0^https://www.linkedin.com/in/rupertrivett_0^https://www.linkedin.com/in/rahul-kumar-90717739_0^https://www.linkedin.com/in/karen-limwp_0^https://www.linkedin.com/in/james-manders-7078649_0^https://www.linkedin.com/in/vivek-madlani-dipfa-a48321a5_0^https://www.linkedin.com/in/joeanichebe_0^https://www.linkedin.com/in/gordon-pfende_3^https://www.linkedin.com/in/davefurlong_3^https://www.linkedin.com/in/han-lee-3050026_3^https://www.linkedin.com/in/kaushlendra-mishra-3b9009168_3^https://www.linkedin.com/in/mehmetserdar_3^https://www.linkedin.com/in/samuelajasa_3^https://www.linkedin.com/in/johan-skogh-10b98a3_3^https://www.linkedin.com/in/gregdowling1_3^https://www.linkedin.com/in/nowie-macaraeg-4877761a9_3^https://www.linkedin.com/in/merve-fresko-9b2a593a_3^https://www.linkedin.com/in/andrea-griffith-4610255_3^https://www.linkedin.com/in/adambarton_3^https://www.linkedin.com/in/markusboehme_3^https://www.linkedin.com/in/mohammedalamin-050228211_3^https://www.linkedin.com/in/cejensen_3^https://www.linkedin.com/in/steve-palmer-712b8118_3^https://www.linkedin.com/in/keith-brooks-64435b6a_3^https://www.linkedin.com/in/j7tal_3^https://www.linkedin.com/in/pijushroy_3^https://www.linkedin.com/in/george-karseras-3859b5_3^https://www.linkedin.com/in/rupertrivett_3^https://www.linkedin.com/in/rahul-kumar-90717739_3^https://www.linkedin.com/in/karen-limwp_3^https://www.linkedin.com/in/james-manders-7078649_3^https://www.linkedin.com/in/vivek-madlani-dipfa-a48321a5_3^https://www.linkedin.com/in/joeanichebe_3^https://www.linkedin.com/in/gordon-pfende_2^https://www.linkedin.com/in/davefurlong_2^https://www.linkedin.com/in/han-lee-3050026_2^https://www.linkedin.com/in/kaushlendra-mishra-3b9009168_2^https://www.linkedin.com/in/mehmetserdar_2^https://www.linkedin.com/in/samuelajasa_2^https://www.linkedin.com/in/johan-skogh-10b98a3_2^https://www.linkedin.com/in/gregdowling1_2^https://www.linkedin.com/in/nowie-macaraeg-4877761a9_2^https://www.linkedin.com/in/merve-fresko-9b2a593a_2^https://www.linkedin.com/in/andrea-griffith-4610255_2^https://www.linkedin.com/in/adambarton_2^https://www.linkedin.com/in/markusboehme_2^https://www.linkedin.com/in/mohammedalamin-050228211_2^https://www.linkedin.com/in/cejensen_2^https://www.linkedin.com/in/steve-palmer-712b8118_2^https://www.linkedin.com/in/keith-brooks-64435b6a_2^https://www.linkedin.com/in/j7tal_2^https://www.linkedin.com/in/pijushroy_2^https://www.linkedin.com/in/george-karseras-3859b5_2^https://www.linkedin.com/in/rupertrivett_2^https://www.linkedin.com/in/rahul-kumar-90717739_2^https://www.linkedin.com/in/karen-limwp_2^https://www.linkedin.com/in/james-manders-7078649_2^https://www.linkedin.com/in/vivek-madlani-dipfa-a48321a5_2^https://www.linkedin.com/in/joeanichebe_2^https://www.linkedin.com/in/gordon-pfende_1^https://www.linkedin.com/in/davefurlong_1^https://www.linkedin.com/in/han-lee-3050026_1^https://www.linkedin.com/in/kaushlendra-mishra-3b9009168_1^https://www.linkedin.com/in/mehmetserdar_1^https://www.linkedin.com/in/samuelajasa_1^https://www.linkedin.com/in/johan-skogh-10b98a3_1^https://www.linkedin.com/in/gregdowling1_1^https://www.linkedin.com/in/nowie-macaraeg-4877761a9_1^https://www.linkedin.com/in/merve-fresko-9b2a593a_1^https://www.linkedin.com/in/andrea-griffith-4610255_1^https://www.linkedin.com/in/adambarton_1^https://www.linkedin.com/in/markusboehme_1^https://www.linkedin.com/in/mohammedalamin-050228211_1^https://www.linkedin.com/in/cejensen_1^https://www.linkedin.com/in/steve-palmer-712b8118_1^https://www.linkedin.com/in/keith-brooks-64435b6a_1^https://www.linkedin.com/in/j7tal_1^https://www.linkedin.com/in/pijushroy_1^https://www.linkedin.com/in/george-karseras-3859b5_1^https://www.linkedin.com/in/rupertrivett_1^https://www.linkedin.com/in/rahul-kumar-90717739_1^https://www.linkedin.com/in/karen-limwp_1^https://www.linkedin.com/in/james-manders-7078649_1^https://www.linkedin.com/in/vivek-madlani-dipfa-a48321a5_1^https://www.linkedin.com/in/joeanichebe_1
softec^https://www.linkedin.com/in/ren√©-p√°zman-17820915_0^https://www.linkedin.com/in/ren√©-p√°zman-17820915_3^https://www.linkedin.com/in/ren√©-p√°zman-17820915_2^https://www.linkedin.com/in/ren√©-p√°zman-17820915_1
stella energia sustent√°vel^https://www.linkedin.com/in/rafael-faraco-97b22115_0^https://www.linkedin.com/in/rafael-faraco-97b22115_3^https://www.linkedin.com/in/rafael-faraco-97b22115_2^https://www.linkedin.com/in/rafael-faraco-97b22115_1
interviewvector^https://www.linkedin.com/in/aashish-mittal_0^https://www.linkedin.com/in/aashish-mittal_3^https://www.linkedin.com/in/aashish-mittal_2^https://www.linkedin.com/in/aashish-mittal_1
osb^https://www.linkedin.com/in/zoe-burnet-zsa100_0^https://www.linkedin.com/in/zoe-burnet-zsa100_3^https://www.linkedin.com/in/zoe-burnet-zsa100_2^https://www.linkedin.com/in/zoe-burnet-zsa100_1
airbus defence and space^https://www.linkedin.com/in/alan-howlett-mbcs-9b79164_0^https://www.linkedin.com/in/alan-howlett-mbcs-9b79164_3^https://www.linkedin.com/in/alan-howlett-mbcs-9b79164_2^https://www.linkedin.com/in/alan-howlett-mbcs-9b79164_1
proacta^https://www.linkedin.com/in/gianluca-acquasanta-rassumowski-ab87b6a9_0^https://www.linkedin.com/in/gianluca-acquasanta-rassumowski-ab87b6a9_3^https://www.linkedin.com/in/gianluca-acquasanta-rassumowski-ab87b6a9_2^https://www.linkedin.com/in/gianluca-acquasanta-rassumowski-ab87b6a9_1
hm revenue & customs^https://www.linkedin.com/in/sumildepala_0^https://www.linkedin.com/in/sumildepala_3^https://www.linkedin.com/in/sumildepala_2^https://www.linkedin.com/in/sumildepala_1
tutorhive^https://www.linkedin.com/in/bhagwatshah_0^https://www.linkedin.com/in/bhagwatshah_3^https://www.linkedin.com/in/bhagwatshah_2^https://www.linkedin.com/in/bhagwatshah_1
tetmon^https://www.linkedin.com/in/randallgregory_0^https://www.linkedin.com/in/randallgregory_3^https://www.linkedin.com/in/randallgregory_2^https://www.linkedin.com/in/randallgregory_1
anaconda^https://www.linkedin.com/in/gilesthomas_0^https://www.linkedin.com/in/gilesthomas_3^https://www.linkedin.com/in/gilesthomas_2^https://www.linkedin.com/in/gilesthomas_1
eglo india^https://www.linkedin.com/in/nutansah02_0^https://www.linkedin.com/in/nutansah02_3^https://www.linkedin.com/in/nutansah02_2^https://www.linkedin.com/in/nutansah02_1
webpetal software^https://www.linkedin.com/in/mayra-saxena-895a02165_0^https://www.linkedin.com/in/mayra-saxena-895a02165_3^https://www.linkedin.com/in/mayra-saxena-895a02165_2^https://www.linkedin.com/in/mayra-saxena-895a02165_1
linxfour^https://www.linkedin.com/in/bcyprian_0^https://www.linkedin.com/in/bcyprian_3^https://www.linkedin.com/in/bcyprian_2^https://www.linkedin.com/in/bcyprian_1
interop.io^https://www.linkedin.com/in/jason-harris-6b273316_0^https://www.linkedin.com/in/cwatson1988_0^https://www.linkedin.com/in/jason-harris-6b273316_3^https://www.linkedin.com/in/cwatson1988_3^https://www.linkedin.com/in/jason-harris-6b273316_2^https://www.linkedin.com/in/cwatson1988_2^https://www.linkedin.com/in/jason-harris-6b273316_1^https://www.linkedin.com/in/cwatson1988_1
infopercept consulting^https://www.linkedin.com/in/david-paris-6862513_0^https://www.linkedin.com/in/david-paris-6862513_3^https://www.linkedin.com/in/david-paris-6862513_2^https://www.linkedin.com/in/david-paris-6862513_1
remitly israel^https://www.linkedin.com/in/daniel-tawil-951b171a0_0^https://www.linkedin.com/in/daniel-tawil-951b171a0_3^https://www.linkedin.com/in/daniel-tawil-951b171a0_2^https://www.linkedin.com/in/daniel-tawil-951b171a0_1
women of fintech^https://www.linkedin.com/in/lilia-tira-9616219_0^https://www.linkedin.com/in/lilia-tira-9616219_3^https://www.linkedin.com/in/lilia-tira-9616219_2^https://www.linkedin.com/in/lilia-tira-9616219_1
tringapps^https://www.linkedin.com/in/sabarigirivasanbe_0^https://www.linkedin.com/in/sabarigirivasanbe_3^https://www.linkedin.com/in/sabarigirivasanbe_2^https://www.linkedin.com/in/sabarigirivasanbe_1
piramal finance^https://www.linkedin.com/in/abinash-nath-613661172_0^https://www.linkedin.com/in/abinash-nath-613661172_3^https://www.linkedin.com/in/abinash-nath-613661172_2^https://www.linkedin.com/in/abinash-nath-613661172_1
hubstart.io^https://www.linkedin.com/in/james-hooker-3a626065_0^https://www.linkedin.com/in/james-hooker-3a626065_3^https://www.linkedin.com/in/james-hooker-3a626065_2^https://www.linkedin.com/in/james-hooker-3a626065_1
freelancer.com^https://www.linkedin.com/in/ridhi-dixit-8265a4219_0^https://www.linkedin.com/in/ridhi-dixit-8265a4219_3^https://www.linkedin.com/in/ridhi-dixit-8265a4219_2^https://www.linkedin.com/in/ridhi-dixit-8265a4219_1
fisdom^https://www.linkedin.com/in/rajeshunde_0^https://www.linkedin.com/in/rajeshunde_3^https://www.linkedin.com/in/rajeshunde_2^https://www.linkedin.com/in/rajeshunde_1
instid institute for identity^https://www.linkedin.com/in/nicholamark-coaching_0^https://www.linkedin.com/in/nicholamark-coaching_3^https://www.linkedin.com/in/nicholamark-coaching_2^https://www.linkedin.com/in/nicholamark-coaching_1
storydriven.video^https://www.linkedin.com/in/jacqueline-a-lee_0^https://www.linkedin.com/in/jacqueline-a-lee_3^https://www.linkedin.com/in/jacqueline-a-lee_2^https://www.linkedin.com/in/jacqueline-a-lee_1
webfume technologies^https://www.linkedin.com/in/priya-khoba-a9ba0419a_0^https://www.linkedin.com/in/priya-khoba-a9ba0419a_3^https://www.linkedin.com/in/priya-khoba-a9ba0419a_2^https://www.linkedin.com/in/priya-khoba-a9ba0419a_1
https^https://www.linkedin.com/in/ictservicecom_0^https://www.linkedin.com/in/ictservicecom_3^https://www.linkedin.com/in/ictservicecom_2^https://www.linkedin.com/in/ictservicecom_1
rutrust^https://www.linkedin.com/in/nikolai-varma-635364256_0^https://www.linkedin.com/in/nikolai-varma-635364256_3^https://www.linkedin.com/in/nikolai-varma-635364256_2^https://www.linkedin.com/in/nikolai-varma-635364256_1
cwg recruit^https://www.linkedin.com/in/vanessa-r-02b996138_0^https://www.linkedin.com/in/vanessa-r-02b996138_3^https://www.linkedin.com/in/vanessa-r-02b996138_2^https://www.linkedin.com/in/vanessa-r-02b996138_1
everyday women's network tv^https://www.linkedin.com/in/toni-lontis_0^https://www.linkedin.com/in/toni-lontis_3^https://www.linkedin.com/in/toni-lontis_2^https://www.linkedin.com/in/toni-lontis_1
ftmo^https://www.linkedin.com/in/jure-brumen-b6a158154_0^https://www.linkedin.com/in/jure-brumen-b6a158154_3^https://www.linkedin.com/in/jure-brumen-b6a158154_2^https://www.linkedin.com/in/jure-brumen-b6a158154_1
elba finance^https://www.linkedin.com/in/firdausbmi_0^https://www.linkedin.com/in/firdausbmi_3^https://www.linkedin.com/in/firdausbmi_2^https://www.linkedin.com/in/firdausbmi_1
aiculus^https://www.linkedin.com/in/nicholas-drury-90751a43_0^https://www.linkedin.com/in/nicholas-drury-90751a43_3^https://www.linkedin.com/in/nicholas-drury-90751a43_2^https://www.linkedin.com/in/nicholas-drury-90751a43_1
mtml consulting^https://www.linkedin.com/in/michael-wilton-53b5b08_0^https://www.linkedin.com/in/michael-wilton-53b5b08_3^https://www.linkedin.com/in/michael-wilton-53b5b08_2^https://www.linkedin.com/in/michael-wilton-53b5b08_1
tasconnect^https://www.linkedin.com/in/aditya-sharma-a576382_0^https://www.linkedin.com/in/aditya-sharma-a576382_3^https://www.linkedin.com/in/aditya-sharma-a576382_2^https://www.linkedin.com/in/aditya-sharma-a576382_1
mcg talent^https://www.linkedin.com/in/paulclarke4_0^https://www.linkedin.com/in/paulclarke4_3^https://www.linkedin.com/in/paulclarke4_2^https://www.linkedin.com/in/paulclarke4_1
sats^https://www.linkedin.com/in/sudhanshukumar0723_0^https://www.linkedin.com/in/sudhanshukumar0723_3^https://www.linkedin.com/in/sudhanshukumar0723_2^https://www.linkedin.com/in/sudhanshukumar0723_1
landlock marketing^https://www.linkedin.com/in/nabeel-khan-a6666421a_0^https://www.linkedin.com/in/nabeel-khan-a6666421a_3^https://www.linkedin.com/in/nabeel-khan-a6666421a_2^https://www.linkedin.com/in/nabeel-khan-a6666421a_1
company_name^linkedin_0^linkedin_3^linkedin_2^linkedin_1
infoicon software^https://www.linkedin.com/in/laxmi-kumari-898839150_0^https://www.linkedin.com/in/laxmi-kumari-898839150_3^https://www.linkedin.com/in/laxmi-kumari-898839150_2^https://www.linkedin.com/in/laxmi-kumari-898839150_1
finnovatex partners^https://www.linkedin.com/in/devesh-srivastava-90b2a51_0^https://www.linkedin.com/in/devesh-srivastava-90b2a51_3^https://www.linkedin.com/in/devesh-srivastava-90b2a51_2^https://www.linkedin.com/in/devesh-srivastava-90b2a51_1
blissfintech^https://www.linkedin.com/in/masami-johnstone-93bb041_0^https://www.linkedin.com/in/masami-johnstone-93bb041_3^https://www.linkedin.com/in/masami-johnstone-93bb041_2^https://www.linkedin.com/in/masami-johnstone-93bb041_1
rexemr^https://www.linkedin.com/in/ashwin-shastry-14a5587_0^https://www.linkedin.com/in/ashwin-shastry-14a5587_3^https://www.linkedin.com/in/ashwin-shastry-14a5587_2^https://www.linkedin.com/in/ashwin-shastry-14a5587_1
strategy partners market research and consulting^https://www.linkedin.com/in/johnny-r-dsouza-0b9636203_0^https://www.linkedin.com/in/johnny-r-dsouza-0b9636203_3^https://www.linkedin.com/in/johnny-r-dsouza-0b9636203_2^https://www.linkedin.com/in/johnny-r-dsouza-0b9636203_1
companiions^https://www.linkedin.com/in/sophieerose_0^https://www.linkedin.com/in/sophieerose_3^https://www.linkedin.com/in/sophieerose_2^https://www.linkedin.com/in/sophieerose_1
ecoportal^https://www.linkedin.com/in/lindseybradfield_0^https://www.linkedin.com/in/lindseybradfield_3^https://www.linkedin.com/in/lindseybradfield_2^https://www.linkedin.com/in/lindseybradfield_1
tages capital sgr^https://www.linkedin.com/in/guido-prearo-cv_0^https://www.linkedin.com/in/guido-prearo-cv_3^https://www.linkedin.com/in/guido-prearo-cv_2^https://www.linkedin.com/in/guido-prearo-cv_1
isban^https://www.linkedin.com/in/juan-jos√©-lesmes-67786a_0^https://www.linkedin.com/in/juan-jos√©-lesmes-67786a_3^https://www.linkedin.com/in/juan-jos√©-lesmes-67786a_2^https://www.linkedin.com/in/juan-jos√©-lesmes-67786a_1
glasier^https://www.linkedin.com/in/parita-k-4b3b88217_0^https://www.linkedin.com/in/parita-k-4b3b88217_3^https://www.linkedin.com/in/parita-k-4b3b88217_2^https://www.linkedin.com/in/parita-k-4b3b88217_1
glimpse markets^https://www.linkedin.com/in/paul-gover-b78a8031_0^https://www.linkedin.com/in/paul-gover-b78a8031_3^https://www.linkedin.com/in/paul-gover-b78a8031_2^https://www.linkedin.com/in/paul-gover-b78a8031_1
enable banking^https://www.linkedin.com/in/sarahdhager_0^https://www.linkedin.com/in/sarahdhager_3^https://www.linkedin.com/in/sarahdhager_2^https://www.linkedin.com/in/sarahdhager_1
rm^https://www.linkedin.com/in/akhilsatheendran_0^https://www.linkedin.com/in/akhilsatheendran_3^https://www.linkedin.com/in/akhilsatheendran_2^https://www.linkedin.com/in/akhilsatheendran_1
expressive ventures^https://www.linkedin.com/in/farhadfarhadi_0^https://www.linkedin.com/in/farhadfarhadi_3^https://www.linkedin.com/in/farhadfarhadi_2^https://www.linkedin.com/in/farhadfarhadi_1
ceoforesight^https://www.linkedin.com/in/dasmith_0^https://www.linkedin.com/in/dasmith_3^https://www.linkedin.com/in/dasmith_2^https://www.linkedin.com/in/dasmith_1
intileo technologies^https://www.linkedin.com/in/swarn-sharma-üéñ-48428b150_0^https://www.linkedin.com/in/swarn-sharma-üéñ-48428b150_3^https://www.linkedin.com/in/swarn-sharma-üéñ-48428b150_2^https://www.linkedin.com/in/swarn-sharma-üéñ-48428b150_1
leapfrog investments^https://www.linkedin.com/in/naidupriya_0^https://www.linkedin.com/in/naidupriya_3^https://www.linkedin.com/in/naidupriya_2^https://www.linkedin.com/in/naidupriya_1
audax^https://www.linkedin.com/in/sachinrajatsharma_0^https://www.linkedin.com/in/sachinrajatsharma_3^https://www.linkedin.com/in/sachinrajatsharma_2^https://www.linkedin.com/in/sachinrajatsharma_1
zai^https://www.linkedin.com/in/gautam-jain-b4b2641_0^https://www.linkedin.com/in/gautam-jain-b4b2641_3^https://www.linkedin.com/in/gautam-jain-b4b2641_2^https://www.linkedin.com/in/gautam-jain-b4b2641_1
myatt's fields park^https://www.linkedin.com/in/anne-hargreaves-92982823_0^https://www.linkedin.com/in/anne-hargreaves-92982823_3^https://www.linkedin.com/in/anne-hargreaves-92982823_2^https://www.linkedin.com/in/anne-hargreaves-92982823_1
avanti recruitment^https://www.linkedin.com/in/paul-abbot-079439131_0^https://www.linkedin.com/in/paul-abbot-079439131_3^https://www.linkedin.com/in/paul-abbot-079439131_2^https://www.linkedin.com/in/paul-abbot-079439131_1
primispro it solutions^https://www.linkedin.com/in/sara-dillion-31b3a1134_0^https://www.linkedin.com/in/sara-dillion-31b3a1134_3^https://www.linkedin.com/in/sara-dillion-31b3a1134_2^https://www.linkedin.com/in/sara-dillion-31b3a1134_1
kinitro capital^https://www.linkedin.com/in/carlos-carvalho-junior-99b742120_0^https://www.linkedin.com/in/carlos-carvalho-junior-99b742120_3^https://www.linkedin.com/in/carlos-carvalho-junior-99b742120_2^https://www.linkedin.com/in/carlos-carvalho-junior-99b742120_1
finery markets^https://www.linkedin.com/in/andrewferrin_0^https://www.linkedin.com/in/andrewferrin_3^https://www.linkedin.com/in/andrewferrin_2^https://www.linkedin.com/in/andrewferrin_1
quantspark^https://www.linkedin.com/in/jamesgeorgebutcher_0^https://www.linkedin.com/in/jamesgeorgebutcher_3^https://www.linkedin.com/in/jamesgeorgebutcher_2^https://www.linkedin.com/in/jamesgeorgebutcher_1
sdm process solutions^https://www.linkedin.com/in/deepak-jade-ekka-545365194_0^https://www.linkedin.com/in/deepak-jade-ekka-545365194_3^https://www.linkedin.com/in/deepak-jade-ekka-545365194_2^https://www.linkedin.com/in/deepak-jade-ekka-545365194_1
pillmore consulting^https://www.linkedin.com/in/paul-pillmore-5a16842_0^https://www.linkedin.com/in/paul-pillmore-5a16842_3^https://www.linkedin.com/in/paul-pillmore-5a16842_2^https://www.linkedin.com/in/paul-pillmore-5a16842_1
newday^https://www.linkedin.com/in/davidwhitney_0^https://www.linkedin.com/in/davidwhitney_3^https://www.linkedin.com/in/davidwhitney_2^https://www.linkedin.com/in/davidwhitney_1
codermask tech^https://www.linkedin.com/in/anil-patel-8b9227196_0^https://www.linkedin.com/in/anil-patel-8b9227196_3^https://www.linkedin.com/in/anil-patel-8b9227196_2^https://www.linkedin.com/in/anil-patel-8b9227196_1
randstad hr solutions^https://www.linkedin.com/in/mandy-thompson-353433220_0^https://www.linkedin.com/in/mandy-thompson-353433220_3^https://www.linkedin.com/in/mandy-thompson-353433220_2^https://www.linkedin.com/in/mandy-thompson-353433220_1
ibn sina training academy^https://www.linkedin.com/in/mohammed-taw-ha-71153921a_0^https://www.linkedin.com/in/mohammed-taw-ha-71153921a_3^https://www.linkedin.com/in/mohammed-taw-ha-71153921a_2^https://www.linkedin.com/in/mohammed-taw-ha-71153921a_1
candor partners^https://www.linkedin.com/in/michael-seigne_0^https://www.linkedin.com/in/michael-seigne_3^https://www.linkedin.com/in/michael-seigne_2^https://www.linkedin.com/in/michael-seigne_1
cypher labs^https://www.linkedin.com/in/andonis-sakatis_0^https://www.linkedin.com/in/andonis-sakatis_3^https://www.linkedin.com/in/andonis-sakatis_2^https://www.linkedin.com/in/andonis-sakatis_1
trepp^https://www.linkedin.com/in/vadattani_0^https://www.linkedin.com/in/vadattani_3^https://www.linkedin.com/in/vadattani_2^https://www.linkedin.com/in/vadattani_1
nksoft^https://www.linkedin.com/in/md-rakib-hasan-_0^https://www.linkedin.com/in/md-rakib-hasan-_3^https://www.linkedin.com/in/md-rakib-hasan-_2^https://www.linkedin.com/in/md-rakib-hasan-_1
gsg^https://www.linkedin.com/in/maml55_0^https://www.linkedin.com/in/maml55_3^https://www.linkedin.com/in/maml55_2^https://www.linkedin.com/in/maml55_1
optionmetrics^https://www.linkedin.com/in/eddean1_0^https://www.linkedin.com/in/eddean1_3^https://www.linkedin.com/in/eddean1_2^https://www.linkedin.com/in/eddean1_1
silk invest^https://www.linkedin.com/in/yaserjazouane_0^https://www.linkedin.com/in/yaserjazouane_3^https://www.linkedin.com/in/yaserjazouane_2^https://www.linkedin.com/in/yaserjazouane_1
forging warriors^https://www.linkedin.com/in/christopoulos-konstantinos_0^https://www.linkedin.com/in/christopoulos-konstantinos_3^https://www.linkedin.com/in/christopoulos-konstantinos_2^https://www.linkedin.com/in/christopoulos-konstantinos_1
seamless europe^https://www.linkedin.com/in/christiantrumm_0^https://www.linkedin.com/in/christiantrumm_3^https://www.linkedin.com/in/christiantrumm_2^https://www.linkedin.com/in/christiantrumm_1
shillings capital^https://www.linkedin.com/in/will-banks-ceo_0^https://www.linkedin.com/in/will-banks-ceo_3^https://www.linkedin.com/in/will-banks-ceo_2^https://www.linkedin.com/in/will-banks-ceo_1
formue norge^https://www.linkedin.com/in/daniel-abraham-b2a344b_0^https://www.linkedin.com/in/daniel-abraham-b2a344b_3^https://www.linkedin.com/in/daniel-abraham-b2a344b_2^https://www.linkedin.com/in/daniel-abraham-b2a344b_1
etfbook^https://www.linkedin.com/in/jonathan-parsons-a06304129_0^https://www.linkedin.com/in/jonathan-parsons-a06304129_3^https://www.linkedin.com/in/jonathan-parsons-a06304129_2^https://www.linkedin.com/in/jonathan-parsons-a06304129_1
ontic^https://www.linkedin.com/in/jules-lebihan-6631901_0^https://www.linkedin.com/in/jules-lebihan-6631901_3^https://www.linkedin.com/in/jules-lebihan-6631901_2^https://www.linkedin.com/in/jules-lebihan-6631901_1
ÊòüÂ±ïÈäÄË°å^https://www.linkedin.com/in/raymond-shen-77415b121_0^https://www.linkedin.com/in/raymond-shen-77415b121_3^https://www.linkedin.com/in/raymond-shen-77415b121_2^https://www.linkedin.com/in/raymond-shen-77415b121_1
sagar solutions^https://www.linkedin.com/in/hr-triveni-4a630b209_0^https://www.linkedin.com/in/hr-triveni-4a630b209_3^https://www.linkedin.com/in/hr-triveni-4a630b209_2^https://www.linkedin.com/in/hr-triveni-4a630b209_1
fluent trade technologies^https://www.linkedin.com/in/moshe-r-384b645_0^https://www.linkedin.com/in/moshe-r-384b645_3^https://www.linkedin.com/in/moshe-r-384b645_2^https://www.linkedin.com/in/moshe-r-384b645_1
delivery hero^https://www.linkedin.com/in/tony-feng-799950212_0^https://www.linkedin.com/in/tony-feng-799950212_3^https://www.linkedin.com/in/tony-feng-799950212_2^https://www.linkedin.com/in/tony-feng-799950212_1
cmcc global^https://www.linkedin.com/in/andreas-devries_0^https://www.linkedin.com/in/andreas-devries_3^https://www.linkedin.com/in/andreas-devries_2^https://www.linkedin.com/in/andreas-devries_1
bluemeg^https://www.linkedin.com/in/pauldulong_0^https://www.linkedin.com/in/pauldulong_3^https://www.linkedin.com/in/pauldulong_2^https://www.linkedin.com/in/pauldulong_1
maddox capital partners^https://www.linkedin.com/in/sam-senchal-7400a026_0^https://www.linkedin.com/in/sam-senchal-7400a026_3^https://www.linkedin.com/in/sam-senchal-7400a026_2^https://www.linkedin.com/in/sam-senchal-7400a026_1
hackernoon^https://www.linkedin.com/in/vaibhav-bhargava-226140198_0^https://www.linkedin.com/in/vaibhav-bhargava-226140198_3^https://www.linkedin.com/in/vaibhav-bhargava-226140198_2^https://www.linkedin.com/in/vaibhav-bhargava-226140198_1
worldinnovationeconomics^https://www.linkedin.com/in/sunil-kumar-mohareer-aa827b12_0^https://www.linkedin.com/in/sunil-kumar-mohareer-aa827b12_3^https://www.linkedin.com/in/sunil-kumar-mohareer-aa827b12_2^https://www.linkedin.com/in/sunil-kumar-mohareer-aa827b12_1
borrow a boat^https://www.linkedin.com/in/sproehnle_0^https://www.linkedin.com/in/sproehnle_3^https://www.linkedin.com/in/sproehnle_2^https://www.linkedin.com/in/sproehnle_1
scrut automation^https://www.linkedin.com/in/vidhi-arora-a68374b3_0^https://www.linkedin.com/in/vidhi-arora-a68374b3_3^https://www.linkedin.com/in/vidhi-arora-a68374b3_2^https://www.linkedin.com/in/vidhi-arora-a68374b3_1
kbs corporate^https://www.linkedin.com/in/hannah-st_0^https://www.linkedin.com/in/hannah-st_3^https://www.linkedin.com/in/hannah-st_2^https://www.linkedin.com/in/hannah-st_1
seamoney^https://www.linkedin.com/in/qssong_0^https://www.linkedin.com/in/qssong_3^https://www.linkedin.com/in/qssong_2^https://www.linkedin.com/in/qssong_1
fundaci√≥n 3cin^https://www.linkedin.com/in/syllajohn_0^https://www.linkedin.com/in/syllajohn_3^https://www.linkedin.com/in/syllajohn_2^https://www.linkedin.com/in/syllajohn_1
seaco^https://www.linkedin.com/in/damianjleach_0^https://www.linkedin.com/in/damianjleach_3^https://www.linkedin.com/in/damianjleach_2^https://www.linkedin.com/in/damianjleach_1
pasla^https://www.linkedin.com/in/stephendhoward_0^https://www.linkedin.com/in/stephendhoward_3^https://www.linkedin.com/in/stephendhoward_2^https://www.linkedin.com/in/stephendhoward_1
oregen technologies^https://www.linkedin.com/in/phillip-hylander-a494b58_0^https://www.linkedin.com/in/phillip-hylander-a494b58_3^https://www.linkedin.com/in/phillip-hylander-a494b58_2^https://www.linkedin.com/in/phillip-hylander-a494b58_1
victasoft^https://www.linkedin.com/in/ashish-ponkiya-4107b0119_0^https://www.linkedin.com/in/ashish-ponkiya-4107b0119_3^https://www.linkedin.com/in/ashish-ponkiya-4107b0119_2^https://www.linkedin.com/in/ashish-ponkiya-4107b0119_1
masecore^https://www.linkedin.com/in/markus-allard_0^https://www.linkedin.com/in/markus-allard_3^https://www.linkedin.com/in/markus-allard_2^https://www.linkedin.com/in/markus-allard_1
capri global capital^https://www.linkedin.com/in/bhagvan-kommadi-b463a6_0^https://www.linkedin.com/in/bhagvan-kommadi-b463a6_3^https://www.linkedin.com/in/bhagvan-kommadi-b463a6_2^https://www.linkedin.com/in/bhagvan-kommadi-b463a6_1
zilliqa^https://www.linkedin.com/in/maxkantelia_0^https://www.linkedin.com/in/maxkantelia_3^https://www.linkedin.com/in/maxkantelia_2^https://www.linkedin.com/in/maxkantelia_1
being space^https://www.linkedin.com/in/catherinellewellynbeingspace_0^https://www.linkedin.com/in/catherinellewellynbeingspace_3^https://www.linkedin.com/in/catherinellewellynbeingspace_2^https://www.linkedin.com/in/catherinellewellynbeingspace_1
eprocessify^https://www.linkedin.com/in/mahavir155_0^https://www.linkedin.com/in/mahavir155_3^https://www.linkedin.com/in/mahavir155_2^https://www.linkedin.com/in/mahavir155_1
neurochangesolutions^https://www.linkedin.com/in/edinacsanalosi_0^https://www.linkedin.com/in/edinacsanalosi_3^https://www.linkedin.com/in/edinacsanalosi_2^https://www.linkedin.com/in/edinacsanalosi_1
nexgen architects^https://www.linkedin.com/in/theakhi_0^https://www.linkedin.com/in/theakhi_3^https://www.linkedin.com/in/theakhi_2^https://www.linkedin.com/in/theakhi_1
copenhagen business school^https://www.linkedin.com/in/s√∏ren-nielsen-7134a35_0^https://www.linkedin.com/in/s√∏ren-nielsen-7134a35_3^https://www.linkedin.com/in/s√∏ren-nielsen-7134a35_2^https://www.linkedin.com/in/s√∏ren-nielsen-7134a35_1
moneycore^https://www.linkedin.com/in/rakesh-verma-cpo_0^https://www.linkedin.com/in/rakesh-verma-cpo_3^https://www.linkedin.com/in/rakesh-verma-cpo_2^https://www.linkedin.com/in/rakesh-verma-cpo_1
bodinger consulting^https://www.linkedin.com/in/bodinger_0^https://www.linkedin.com/in/bodinger_3^https://www.linkedin.com/in/bodinger_2^https://www.linkedin.com/in/bodinger_1
b√∂rse stuttgart digital^https://www.linkedin.com/in/hasan-shahjahan_0^https://www.linkedin.com/in/hasan-shahjahan_3^https://www.linkedin.com/in/hasan-shahjahan_2^https://www.linkedin.com/in/hasan-shahjahan_1
odin partners^https://www.linkedin.com/in/aidenpestell_0^https://www.linkedin.com/in/aidenpestell_3^https://www.linkedin.com/in/aidenpestell_2^https://www.linkedin.com/in/aidenpestell_1
grappus^https://www.linkedin.com/in/dhruv-goel-9042b824_0^https://www.linkedin.com/in/dhruv-goel-9042b824_3^https://www.linkedin.com/in/dhruv-goel-9042b824_2^https://www.linkedin.com/in/dhruv-goel-9042b824_1
drinkie.me^https://www.linkedin.com/in/jack-morris-a6904685_0^https://www.linkedin.com/in/jack-morris-a6904685_3^https://www.linkedin.com/in/jack-morris-a6904685_2^https://www.linkedin.com/in/jack-morris-a6904685_1
kinetix trading solutions^https://www.linkedin.com/in/abid-zaidi-01292b8_0^https://www.linkedin.com/in/abid-zaidi-01292b8_3^https://www.linkedin.com/in/abid-zaidi-01292b8_2^https://www.linkedin.com/in/abid-zaidi-01292b8_1
virgin money^https://www.linkedin.com/in/neil-g-robinson_0^https://www.linkedin.com/in/neil-g-robinson_3^https://www.linkedin.com/in/neil-g-robinson_2^https://www.linkedin.com/in/neil-g-robinson_1
generix^https://www.linkedin.com/in/khyatt_0^https://www.linkedin.com/in/khyatt_3^https://www.linkedin.com/in/khyatt_2^https://www.linkedin.com/in/khyatt_1
beyond blue^https://www.linkedin.com/in/maggie-titmuss-mbe-05292488_0^https://www.linkedin.com/in/maggie-titmuss-mbe-05292488_3^https://www.linkedin.com/in/maggie-titmuss-mbe-05292488_2^https://www.linkedin.com/in/maggie-titmuss-mbe-05292488_1
quloe digital^https://www.linkedin.com/in/raivandana_0^https://www.linkedin.com/in/raivandana_3^https://www.linkedin.com/in/raivandana_2^https://www.linkedin.com/in/raivandana_1
sopra steria^https://www.linkedin.com/in/socheat-chhay_0^https://www.linkedin.com/in/socheat-chhay_3^https://www.linkedin.com/in/socheat-chhay_2^https://www.linkedin.com/in/socheat-chhay_1
fwd insurance^https://www.linkedin.com/in/jc-p-82735b1b_0^https://www.linkedin.com/in/jc-p-82735b1b_3^https://www.linkedin.com/in/jc-p-82735b1b_2^https://www.linkedin.com/in/jc-p-82735b1b_1
cultivation capital^https://www.linkedin.com/in/rimon-ahmed-6b5762210_0^https://www.linkedin.com/in/rimon-ahmed-6b5762210_3^https://www.linkedin.com/in/rimon-ahmed-6b5762210_2^https://www.linkedin.com/in/rimon-ahmed-6b5762210_1
cardo ai^https://www.linkedin.com/in/dapul_0^https://www.linkedin.com/in/dapul_3^https://www.linkedin.com/in/dapul_2^https://www.linkedin.com/in/dapul_1
edenred^https://www.linkedin.com/in/pedromartinez_0^https://www.linkedin.com/in/pedromartinez_3^https://www.linkedin.com/in/pedromartinez_2^https://www.linkedin.com/in/pedromartinez_1
accutrak^https://www.linkedin.com/in/ian-marvin-0a022116_0^https://www.linkedin.com/in/ian-marvin-0a022116_3^https://www.linkedin.com/in/ian-marvin-0a022116_2^https://www.linkedin.com/in/ian-marvin-0a022116_1
dzcard^https://www.linkedin.com/in/navith-choudhary-252434150_0^https://www.linkedin.com/in/navith-choudhary-252434150_3^https://www.linkedin.com/in/navith-choudhary-252434150_2^https://www.linkedin.com/in/navith-choudhary-252434150_1
abdul latif jameel united finance^https://www.linkedin.com/in/barah_0^https://www.linkedin.com/in/barah_3^https://www.linkedin.com/in/barah_2^https://www.linkedin.com/in/barah_1
prep study^https://www.linkedin.com/in/sammeersaurabbh_0^https://www.linkedin.com/in/sammeersaurabbh_3^https://www.linkedin.com/in/sammeersaurabbh_2^https://www.linkedin.com/in/sammeersaurabbh_1
spriveapp^https://www.linkedin.com/in/sherjeelaman_0^https://www.linkedin.com/in/sherjeelaman_3^https://www.linkedin.com/in/sherjeelaman_2^https://www.linkedin.com/in/sherjeelaman_1
citeline^https://www.linkedin.com/in/millie-gray-123758188_0^https://www.linkedin.com/in/millie-gray-123758188_3^https://www.linkedin.com/in/millie-gray-123758188_2^https://www.linkedin.com/in/millie-gray-123758188_1
spd technology^https://www.linkedin.com/in/yuliia-zazuliak_0^https://www.linkedin.com/in/yuliia-zazuliak_3^https://www.linkedin.com/in/yuliia-zazuliak_2^https://www.linkedin.com/in/yuliia-zazuliak_1
career zoom pte.^https://www.linkedin.com/in/faridacharania_0^https://www.linkedin.com/in/faridacharania_3^https://www.linkedin.com/in/faridacharania_2^https://www.linkedin.com/in/faridacharania_1
nagarro^https://www.linkedin.com/in/fouldsmark_0^https://www.linkedin.com/in/fouldsmark_3^https://www.linkedin.com/in/fouldsmark_2^https://www.linkedin.com/in/fouldsmark_1
jonayed adnan^https://www.linkedin.com/in/adnan-sarker-b06b50229_0^https://www.linkedin.com/in/adnan-sarker-b06b50229_3^https://www.linkedin.com/in/adnan-sarker-b06b50229_2^https://www.linkedin.com/in/adnan-sarker-b06b50229_1
s-rm^https://www.linkedin.com/in/martin-devenish-mbe-817738b_0^https://www.linkedin.com/in/martin-devenish-mbe-817738b_3^https://www.linkedin.com/in/martin-devenish-mbe-817738b_2^https://www.linkedin.com/in/martin-devenish-mbe-817738b_1
l-charge^https://www.linkedin.com/in/jakescherbak_0^https://www.linkedin.com/in/jakescherbak_3^https://www.linkedin.com/in/jakescherbak_2^https://www.linkedin.com/in/jakescherbak_1
trustquay^https://www.linkedin.com/in/riearnshaw_0^https://www.linkedin.com/in/riearnshaw_3^https://www.linkedin.com/in/riearnshaw_2^https://www.linkedin.com/in/riearnshaw_1
bridgewise^https://www.linkedin.com/in/adedamola-adetola-9736a44_0^https://www.linkedin.com/in/adedamola-adetola-9736a44_3^https://www.linkedin.com/in/adedamola-adetola-9736a44_2^https://www.linkedin.com/in/adedamola-adetola-9736a44_1
unlost^https://www.linkedin.com/in/gregorheinrich_0^https://www.linkedin.com/in/gregorheinrich_3^https://www.linkedin.com/in/gregorheinrich_2^https://www.linkedin.com/in/gregorheinrich_1
prosigliere^https://www.linkedin.com/in/douglaszf_0^https://www.linkedin.com/in/douglaszf_3^https://www.linkedin.com/in/douglaszf_2^https://www.linkedin.com/in/douglaszf_1
what the fintech^https://www.linkedin.com/in/medhysouidi_0^https://www.linkedin.com/in/medhysouidi_3^https://www.linkedin.com/in/medhysouidi_2^https://www.linkedin.com/in/medhysouidi_1
marwadi shares and finance^https://www.linkedin.com/in/prahlad1975_0^https://www.linkedin.com/in/prahlad1975_3^https://www.linkedin.com/in/prahlad1975_2^https://www.linkedin.com/in/prahlad1975_1
oak's lab^https://www.linkedin.com/in/andypowell23_0^https://www.linkedin.com/in/andypowell23_3^https://www.linkedin.com/in/andypowell23_2^https://www.linkedin.com/in/andypowell23_1
fifotech^https://www.linkedin.com/in/selim-miah-digital_0^https://www.linkedin.com/in/selim-miah-digital_3^https://www.linkedin.com/in/selim-miah-digital_2^https://www.linkedin.com/in/selim-miah-digital_1
armorcode^https://www.linkedin.com/in/sarveshbajaj_0^https://www.linkedin.com/in/sarveshbajaj_3^https://www.linkedin.com/in/sarveshbajaj_2^https://www.linkedin.com/in/sarveshbajaj_1
bata^https://www.linkedin.com/in/kevin-noll-5784642_0^https://www.linkedin.com/in/kevin-noll-5784642_3^https://www.linkedin.com/in/kevin-noll-5784642_2^https://www.linkedin.com/in/kevin-noll-5784642_1
gransolar^https://www.linkedin.com/in/valentino-gallo-vp-it-tech-enthusiast_0^https://www.linkedin.com/in/valentino-gallo-vp-it-tech-enthusiast_3^https://www.linkedin.com/in/valentino-gallo-vp-it-tech-enthusiast_2^https://www.linkedin.com/in/valentino-gallo-vp-it-tech-enthusiast_1
demandbase^https://www.linkedin.com/in/anmol-kohli_0^https://www.linkedin.com/in/anmol-kohli_3^https://www.linkedin.com/in/anmol-kohli_2^https://www.linkedin.com/in/anmol-kohli_1
fabric^https://www.linkedin.com/in/tomdbennett_0^https://www.linkedin.com/in/tomdbennett_3^https://www.linkedin.com/in/tomdbennett_2^https://www.linkedin.com/in/tomdbennett_1
taking the lead^https://www.linkedin.com/in/aleena-adnan-72a7a3aa_0^https://www.linkedin.com/in/aleena-adnan-72a7a3aa_3^https://www.linkedin.com/in/aleena-adnan-72a7a3aa_2^https://www.linkedin.com/in/aleena-adnan-72a7a3aa_1
infosight consulting^https://www.linkedin.com/in/machani1_0^https://www.linkedin.com/in/machani1_3^https://www.linkedin.com/in/machani1_2^https://www.linkedin.com/in/machani1_1
middleware^https://www.linkedin.com/in/dmitry-makarichev-97288733_0^https://www.linkedin.com/in/dmitry-makarichev-97288733_3^https://www.linkedin.com/in/dmitry-makarichev-97288733_2^https://www.linkedin.com/in/dmitry-makarichev-97288733_1
alphaleap^https://www.linkedin.com/in/miderksen_0^https://www.linkedin.com/in/miderksen_3^https://www.linkedin.com/in/miderksen_2^https://www.linkedin.com/in/miderksen_1
compagnie financiere tradition^https://www.linkedin.com/in/yannlhuillier_0^https://www.linkedin.com/in/sina-hakman-4ba14a_0^https://www.linkedin.com/in/yannlhuillier_3^https://www.linkedin.com/in/sina-hakman-4ba14a_3^https://www.linkedin.com/in/yannlhuillier_2^https://www.linkedin.com/in/sina-hakman-4ba14a_2^https://www.linkedin.com/in/yannlhuillier_1^https://www.linkedin.com/in/sina-hakman-4ba14a_1
novavita^https://www.linkedin.com/in/mark-husler-0a03bba_0^https://www.linkedin.com/in/mark-husler-0a03bba_3^https://www.linkedin.com/in/mark-husler-0a03bba_2^https://www.linkedin.com/in/mark-husler-0a03bba_1
masero^https://www.linkedin.com/in/raoulvandervoort_0^https://www.linkedin.com/in/raoulvandervoort_3^https://www.linkedin.com/in/raoulvandervoort_2^https://www.linkedin.com/in/raoulvandervoort_1
integrity news^https://www.linkedin.com/in/rksony_0^https://www.linkedin.com/in/rksony_3^https://www.linkedin.com/in/rksony_2^https://www.linkedin.com/in/rksony_1
paytm^https://www.linkedin.com/in/abhranil-bhattacharjee_0^https://www.linkedin.com/in/abhranil-bhattacharjee_3^https://www.linkedin.com/in/abhranil-bhattacharjee_2^https://www.linkedin.com/in/abhranil-bhattacharjee_1
blocktrust^https://www.linkedin.com/in/keithloose_0^https://www.linkedin.com/in/keithloose_3^https://www.linkedin.com/in/keithloose_2^https://www.linkedin.com/in/keithloose_1
scsoft information technologies^https://www.linkedin.com/in/cemalgumus_0^https://www.linkedin.com/in/cemalgumus_3^https://www.linkedin.com/in/cemalgumus_2^https://www.linkedin.com/in/cemalgumus_1
w√§rtsil√§^https://www.linkedin.com/in/hanna-maria-heikkinen-5056855_0^https://www.linkedin.com/in/hanna-maria-heikkinen-5056855_3^https://www.linkedin.com/in/hanna-maria-heikkinen-5056855_2^https://www.linkedin.com/in/hanna-maria-heikkinen-5056855_1
niva bupa^https://www.linkedin.com/in/shrey-sagar_0^https://www.linkedin.com/in/shrey-sagar_3^https://www.linkedin.com/in/shrey-sagar_2^https://www.linkedin.com/in/shrey-sagar_1
post office^https://www.linkedin.com/in/madeleine-de-matteis-96168716_0^https://www.linkedin.com/in/madeleine-de-matteis-96168716_3^https://www.linkedin.com/in/madeleine-de-matteis-96168716_2^https://www.linkedin.com/in/madeleine-de-matteis-96168716_1
buy-side trading community^https://www.linkedin.com/in/anitakarppi_0^https://www.linkedin.com/in/anitakarppi_3^https://www.linkedin.com/in/anitakarppi_2^https://www.linkedin.com/in/anitakarppi_1
metro.digital^https://www.linkedin.com/in/andahajdinjak_0^https://www.linkedin.com/in/andahajdinjak_3^https://www.linkedin.com/in/andahajdinjak_2^https://www.linkedin.com/in/andahajdinjak_1
mindstreet^https://www.linkedin.com/in/torbjorn-ericsson_0^https://www.linkedin.com/in/torbjorn-ericsson_3^https://www.linkedin.com/in/torbjorn-ericsson_2^https://www.linkedin.com/in/torbjorn-ericsson_1
adac^https://www.linkedin.com/in/kusdogan_0^https://www.linkedin.com/in/kusdogan_3^https://www.linkedin.com/in/kusdogan_2^https://www.linkedin.com/in/kusdogan_1
